Temperature (K),Resistivity (uOhm-cm)
2.08498511314392,-0.027637723961130498
2.68613195419312,-0.0049522374415813105
3.19956064224243,0.0228451606199087
3.72277865409851,-0.0156559413691962
4.23000659942627,0.038660974364335604
4.77439212799072,-0.0150170457506025
5.28397922515869,-0.011981516715757999
5.78894863128662,-0.0319515017882192
6.3016731262207,-0.035625607311215494
6.80511627197266,0.012780607426784099
7.29433088302612,-0.0262000307731413
7.80393934249878,0.0103843441763131
8.30863208770752,-0.0127804160518664
8.81879177093506,-0.0175731645063742
9.35009021759033,0.00862695642210479
9.82492599487305,-0.0345070828035731
10.3452785491943,-0.0314718323505459
10.8502250671387,0.0183719807998722
11.3499053955078,-0.013099912525592
11.8480728149414,0.010543971800775301
12.3499481201172,-0.0150171654815112
12.8853740692139,0.005431865585921371
13.3856037139893,-0.0321111836092314
13.8484540939331,0.0174136120518884
14.3746984481812,-0.005751284503563321
14.875040435791,-0.0143780674845498
15.3389625549316,-0.029714607307572503
15.8785758972168,-0.0222060964235999
16.3698104858398,-0.0167742882562331
16.8547943115234,0.00351456121471098
17.3797519683838,0.00527190747801031
17.8561496734619,-0.0170938626811939
18.3397064208984,0.011502441525168999
18.8895511627197,0.0025560853502707
19.3895648956299,-0.0172536070577304
19.8785327911377,-0.007509060235765661
20.3725479125977,0.0071890747772398005
20.86962890625,-0.0158160215333306
21.4609310150146,-0.0247618177481376
21.9534099578857,-0.0028755527043693705
22.5254550933838,0.0250816626847058
23.1261768341064,-0.0174132742885329
23.6684154510498,0.00718907860716986
24.1343635559082,-0.0487251660850138
24.5848701477051,-0.07093146701472029
25.0893859863281,-0.025560976546809198
25.6053691864014,-0.0327497484556117
26.1107734680176,-0.0183718051094298
26.5858600616455,-0.0100645229184393
27.0092712402344,-0.029554913935977603
27.4549777984619,0.358814339698783
27.9286254882812,1.2678246405956002
28.5113574981689,4.75718446615103
29.0612670898437,10.4649550085397
29.6105754852295,14.614187300597399
30.1114330291748,16.8302069349509
30.6437755584717,18.9458533964659
31.1098251342773,20.690577912487502
31.5960132598877,21.798446045110097
32.0635559082031,22.7729055952085
32.5468727111816,23.4225404811533
33.0349411010742,23.9576892672401
33.5112457275391,24.230172818428603
33.9905143737793,24.571620143557798
34.4566299438477,24.8299442035587
34.941739654541,25.1252690977172
35.4218330383301,25.3929831832647
35.8968032836914,25.687662653232902
36.4314079284668,26.0585151259836
36.9057846069336,26.3312690979556
37.4304817199707,26.6416743084004
37.9062377929688,26.9059755143366
38.3959014892578,27.219320492524897
38.8989143371582,27.532520051065198
39.4022018432617,27.8232328515304
39.9017349243164,28.14965314771
40.4324836730957,28.4593955035272
40.8858535766602,28.730647967834198
41.4108329772949,29.041958066978
41.8884323120117,29.3480589554498
42.379052734375,29.612350201136202
42.8853729248047,29.927538821571797
43.4021392822266,30.211327754353203
43.8990837097168,30.522621917097197
44.4189910888672,30.840226396134
44.9395431518555,31.142479142076102
45.4468315124512,31.464380970911
45.9102737426758,31.7301702381749
46.4215606689453,32.05496053946651
46.8900665283203,32.30751163865391
47.3866661071777,32.6113151954977
47.8914360046387,32.875295183376295
48.3952476501465,33.2459125942306
48.9265251159668,33.5388848773743
49.4318893432617,33.823892446725
49.9303825378418,34.1516349660723
50.418383026123,34.4220348329921
50.9036926269531,34.7387887066916
51.4287055969238,35.000725847325796
51.911368560791,35.3225569583868
52.3982376098633,35.5887715283193
52.906812286377,35.8756690550792
53.4218559265137,36.197805447798004
53.9228164672852,36.499793251094104
54.4111778259277,36.790547386596096
54.8990028381348,37.0852432909765
55.4161224365234,37.4106785184459
55.9136299133301,37.6921875500365
56.4228042602539,37.9825407854821
56.8938919067383,38.2591941952705
57.4007835388184,38.5627915749424
57.9133094787598,38.867945741666006
58.4262214660645,39.175731406400104
58.9304618835449,39.5243336770095
59.4038352966309,39.7601943855223
59.9470146179199,40.089136616964105
60.4503364562988,40.3753912095961
60.9308250427246,40.6562254342594
61.4151527404785,40.9194185623997
61.8834846496582,41.2558444275668
62.4068206787109,41.543085582946496
62.9460807800293,41.8702369614651
63.4531700134277,42.1609826307548
63.9509544372559,42.4422053051622
64.421354675293,42.724826398648695
64.9031265258789,43.0212274978035
65.4247100830078,43.3370978973414
65.928271484375,43.630273867594596
66.4576034545898,43.925502645342
66.9594711303711,44.2237135218947
67.4477157592773,44.5154442598945
67.9265472412109,44.8142069342889
68.450439453125,45.1227794587612
68.9452178955078,45.4108209202164
69.4489562988281,45.6886202567502
69.9667419433594,45.986224554086995
70.466276550293,46.3095262960384
70.9719497680664,46.6157581617958
71.4756118774414,46.89786331434
71.9538436889648,47.1981479149116
72.4567611694336,47.464202124821504
72.9570922851563,47.7824121870493
73.4529693603516,48.048772176629605
73.9308410644531,48.3551076289855
74.4275985717773,48.6355603760795
74.9203399658203,48.9616250913394
75.4395614624023,49.228989074104696
75.9478637695313,49.5495368069724
76.4543792724609,49.8744780060492
76.9641738891602,50.1351925260142
77.4467803955078,50.4491007563315
77.9494934082031,50.7366173126196
78.4469985961914,50.9665018712219
78.9486633300781,51.3308169339833
79.4606155395508,51.6195257321784
79.9638229370117,51.8956208699628
80.4479797363281,52.2142761553589
80.9588638305664,52.5139950137389
81.4775970458984,52.8173204785899
81.9759994506836,53.0755379639174
82.4647994995117,53.404891553678
82.9739807128906,53.6646389333825
83.4808944702148,53.9763798133323
83.975959777832,54.269109564392195
84.4559432983398,54.5825775516661
84.9580001831055,54.8688271641731
85.4761001586914,55.1618118976292
85.9831604003906,55.486133569165304
86.499919128418,55.807145449676
86.9919067382812,56.035221226905506
87.5017395019531,56.358664404404806
88.0145080566406,56.6589908380257
88.4923904418945,56.9207412239752
89.0062408447266,57.2304462288555
89.4940734863281,57.524000688603095
90.0049896240234,57.8270761511828
90.5118789672852,58.1482085507167
91.0247619628906,58.4160317010001
91.5318344116211,58.6973918268555
92.0523910522461,59.0482974052429
92.5610458374023,59.3469774095636
93.0602951049805,59.6149200828452
93.5727066040039,59.8978419758772
94.0561447143555,60.190678301610504
94.5791198730469,60.5069979084166
95.066618347168,60.793505491394804
95.5892608642578,61.0864364395016
96.0757522583008,61.43250631658649
96.5861465454102,61.7124869478376
97.1068542480469,62.0244160765096
97.6093185424805,62.359414139860604
98.0897445678711,62.5900895423011
98.5944488525391,62.886354186032996
99.09736328125,63.135074573127795
99.5743591308594,63.50023526110151
100.077172851562,63.7496090405866
100.585815429688,64.1008034662197
101.068461608887,64.3299031571338
101.582952880859,64.66893312962429
102.089755249023,64.979545513266
102.594779968262,65.24106183334399
103.105754089355,65.53958048161711
103.616923522949,65.8354108584555
104.113551330566,66.1582066197144
104.628898620605,66.427751897197
105.121362304687,66.71726847165509
105.626139831543,67.0076167269757
106.15110168457,67.3553459816857
106.668293762207,67.6633896168909
107.185571289062,67.9314727296955
107.687489318848,68.281771728867
108.167088317871,68.5674595832825
108.708682250977,68.9033988902444
109.227931213379,69.207409620285
109.717170715332,69.4696221618276
110.231018066406,69.74703404464219
110.753546142578,70.1100612470978
111.259648132324,70.39583675171201
111.770330810547,70.6886959860199
112.293988037109,71.0040614008904
112.804948425293,71.325346192247
113.301141357422,71.6057650744915
113.821769714355,71.9297889345571
114.329312133789,72.1983999406037
114.842086791992,72.50007100795449
115.358851623535,72.8278996834629
115.877416992188,73.1487761045757
116.396635437012,73.4512858249639
116.893212890625,73.7417565913577
117.427989196777,74.027922537766
117.936315917969,74.3639943160509
118.434747314453,74.7075004248243
118.926918029785,74.9836483519328
119.433465576172,75.2943115328488
119.937545776367,75.5846558040694
120.435023498535,75.86848009573791
120.967640686035,76.2540393754056
121.480796813965,76.5066651764669
121.991822814941,76.8040423801071
122.503213500977,77.1642388795552
123.012818908691,77.45628037735041
123.528216552734,77.7461844055276
124.01767578125,78.06691341494259
124.523042297363,78.3628294499297
125.026232910156,78.6765026183505
125.511235046387,78.98260699290981
126.030581665039,79.27207874624351
126.546211242676,79.5570942837941
127.061016845703,79.8970137065963
127.58489074707,80.2193911373615
128.082760620117,80.5245333517853
128.579580688477,80.8593232459144
129.099673461914,81.0895972502859
129.599523925781,81.47206088429999
130.082110595703,81.7068907069533
130.595953369141,82.04629916893809
131.111431884766,82.3611546190162
131.644183349609,82.67052495950149
132.156173706055,83.0158358655478
132.664105224609,83.30597993574641
133.176370239258,83.6073950246761
133.6896484375,83.9162663566439
134.177474975586,84.22207989190761
134.700286865234,84.5558857133514
135.196691894531,84.8226032759014
135.72405090332,85.1471859059836
136.220135498047,85.49198585121259
136.725393676758,85.7811876817754
137.228323364258,86.07941549075281
137.735150146484,86.38980874889779
138.232595825195,86.7125128758581
138.741659545898,87.014511635429
139.259854125977,87.3228969072041
139.784033203125,87.63652923860049
140.290246582031,87.9836897630441
140.80712890625,88.27190353682171
141.311282348633,88.60661773305189
141.823876953125,88.8985666005235
142.320626831055,89.2163085310083
142.82239074707,89.5595088601112
143.348666381836,89.8543661205392
143.867361450195,90.2142299476423
144.375183105469,90.47235579867109
144.866534423828,90.7542408296937
145.384466552734,91.1319613927289
145.889883422852,91.4228604498662
146.394311523437,91.7512160225918
146.900158691406,92.06342005415969
147.406372070313,92.3478349886443
147.893640136719,92.6445010304451
148.423745727539,92.9798686190656
148.923330688477,93.31997330251501
149.433505249023,93.6399762097158
149.965637207031,93.95285953032341
150.473651123047,94.25209531658581
150.961260986328,94.5505402590099
151.467037963867,94.8773260963591
151.963714599609,95.15284453567709
152.440936279297,95.5035469249675
152.972988891602,95.8051233699447
153.48346862793,96.14138140490181
154.018576049805,96.46899593503849
154.518914794922,96.7607396213632
155.040844726563,97.15412566536351
155.563024902344,97.46569821709079
156.073428344727,97.7638841930189
156.559686279297,98.0748133126058
157.054434204102,98.3430707297827
157.567730712891,98.7160442377392
158.080419921875,99.02584386499309
158.608837890625,99.3294641532396
159.136315917969,99.6799175362838
159.646469116211,99.9977989102665
160.169818115234,100.3060985238
160.679550170898,100.64349601139999
161.194467163086,100.9759253263
161.720840454102,101.3317134192
162.236459350586,101.6202738096
162.74700012207,101.9287586839
163.274377441406,102.2551441192
163.773480224609,102.6097429582
164.290734863281,102.8982694839
164.776434326172,103.23457532799999
165.298892211914,103.5210898832
165.812182617187,103.9029180533
166.32919921875,104.2570049354
166.836306762695,104.5422485627
167.350387573242,104.87300256360001
167.877633666992,105.2291850824
168.386978149414,105.5453811821
168.922079467773,105.8441966458
169.431085205078,106.17470363250001
169.941024780273,106.5256610042
170.43037109375,106.8302434525
170.953851318359,107.19866711840001
171.451208496094,107.47312578709999
171.973590087891,107.8214675972
172.476379394531,108.0852727827
173.006057739258,108.48502741040001
173.523999023438,108.8288193784
174.034616088867,109.12850935200001
174.52746887207,109.44713575269999
175.035427856445,109.8201411335
175.564547729492,110.1242036568
176.104275512695,110.453495493
176.604275512695,110.8031181912
177.106857299805,111.1168321967
177.595874023437,111.412522134
178.100518798828,111.81896606549999
178.634439086914,112.107803351
179.180169677734,112.4439279186
179.679391479492,112.7761839251
180.204763793945,113.131292729
180.730801391602,113.5221189887
181.220712280273,113.8052809238
181.736285400391,114.1306026044
182.257778930664,114.5021617569
182.77873840332,114.7736562553
183.272393798828,115.1776718779
183.805926513672,115.4681466284
184.290911865234,115.8234287406
184.798837280273,116.15374847460001
185.331665039063,116.4794725493
185.850582885742,116.8094576189
186.361660766602,117.1720923875
186.870385742187,117.49111321410001
187.365356445313,117.84161639839999
187.873767089844,118.1625236962
188.382315063477,118.47223965740001
188.889138793945,118.8375577173
189.398300170898,119.1589271708
189.916506958008,119.5045757293
190.430233764648,119.8705113247
190.956573486328,120.19671149940001
191.494393920898,120.5433381544
192.027868652344,120.87197261419999
192.543920898438,121.2178044413
193.040225219727,121.53663203900001
193.557055664062,121.89887038970001
194.090567016602,122.24723809639998
194.607098388672,122.55113328750001
195.110409545898,122.95130026960001
195.629489135742,123.26603420469999
196.13056640625,123.60187789319998
196.647412109375,123.93686898440001
197.168487548828,124.32783070359999
197.698645019531,124.62406646260001
198.2078125,124.9943048859
198.702755737305,125.32798122409999
199.213473510742,125.65181683549999
199.712222290039,126.011377871
200.220236206055,126.3396019684
200.734820556641,126.6928840624
201.247073364258,127.0286620133
201.771603393555,127.42296838440001
202.309262084961,127.7388577084
202.816479492188,128.0853568723
203.318426513672,128.39581786009998
203.818084716797,128.75457410739997
204.359045410156,129.1158542821
204.863275146484,129.4423333437
205.379028320313,129.8069004008
205.863369750977,130.10449673
206.391506958008,130.5010521255
206.884417724609,130.83068659429998
207.394155883789,131.1617991641
207.91242980957,131.52313312409999
208.401361083984,131.81955015970001
208.92751159668,132.1731489896
209.438766479492,132.5411264363
209.957293701172,132.89955797940002
210.456344604492,133.24712687410002
210.986520385742,133.5720680732
211.490841674805,133.9220174676
211.998468017578,134.2616181624
212.507022094727,134.6403227981
213.018148803711,134.95909661049998
213.537884521484,135.3332055869
214.046569824219,135.6770075151
214.588989257813,136.03991718659998
215.087637329102,136.4075559848
215.578561401367,136.7361346671
216.064352416992,137.0458028191
216.591854858398,137.4412327063
217.110131835937,137.791590471
217.63000793457,138.1530041129
218.149560546875,138.4759313495
218.668872070312,138.86540899149998
219.177172851562,139.2155177499
219.691720581055,139.5738875395
220.192950439453,139.9195898834
220.716818237305,140.2719217695
221.254919433594,140.6458215807
221.767687988281,140.9704958451
222.256784057617,141.3584635132
222.76237487793,141.6881936004
223.282238769531,142.0422725144
223.771786499023,142.3820166368
224.278665161133,142.73221105329998
224.777697753906,143.0776823194
225.276354980469,143.4102909188
225.792108154297,143.78198154659998
226.308935546875,144.1640587229
226.802481079102,144.5062112337
227.314874267578,144.8936091755
227.817526245117,145.220679876
228.31916809082,145.54783424259998
228.8814453125,145.95213871250002
229.399810791016,146.32136318239998
229.900042724609,146.6460095581
230.441418457031,147.057529233
230.961975097656,147.4190165808
231.463912963867,147.7936175936
231.985891723633,148.1698899363
232.518856811523,148.5599691773
233.046810913086,148.92961596179998
233.592828369141,149.313400325
234.099639892578,149.7049218102
234.604086303711,150.0367993273
235.095391845703,150.3953264888
235.625970458984,150.76135969470002
236.143948364258,151.1252693753
236.642068481445,151.4772426925
237.12887878418,151.79773365190002
237.640530395508,152.17344423650002
238.145907592773,152.5799997229
238.676190185547,152.9484652218
239.187313842773,153.29090458780001
239.718991088867,153.6680813212
240.240084838867,154.0545509677
240.738336181641,154.4343133819
241.243823242187,154.795850531
241.757846069336,155.18050542
242.254119873047,155.5310643817
242.794439697266,155.9216834683
243.334048461914,156.2796867207
243.829071044922,156.6592678584
244.346057128906,157.01135273039998
244.870245361328,157.3865493661
245.379745483398,157.76737354300002
245.900338745117,158.1372514053
246.402288818359,158.51585046239998
246.925823974609,158.89887386240002
247.442449951172,159.2365382847
247.947644042969,159.6107886966
248.435836791992,159.95443723699998
248.946661376953,160.3557894888
249.446914672852,160.7003822609
249.947570800781,161.0690350124
250.473596191406,161.4432814403
250.983538818359,161.7966591527
251.506665039063,162.2082465573
252.012954711914,162.565664147
252.536755371094,163.01755470659998
253.064096069336,163.3373544247
253.577642822266,163.7016007617
254.098049926758,164.10271994369998
254.616418457031,164.47582094290001
255.147766113281,164.8895697217
255.652197265625,165.238282053
256.151110839844,165.6006558631
256.667620849609,165.9867629565
257.182006835938,166.34584789209998
257.696112060547,166.74101682079998
258.217694091797,167.1628094974
258.729229736328,167.4985217106
259.263159179687,167.91212307770002
259.804553222656,168.2680585823
260.319311523437,168.697787586
260.806793212891,169.0058780343
261.348461914063,169.408738268
261.869152832031,169.8543638304
262.398217773438,170.23523183240002
262.921704101563,170.6111157254
263.455419921875,171.0123424781
263.94208984375,171.37117840739998
264.477362060547,171.74328935769998
264.973773193359,172.1530261478
265.499737548828,172.43909647590002
266.035534667969,172.7385493956
266.551513671875,173.0932617814
267.079833984375,173.4751457289
267.569311523437,173.8551930063
268.092877197266,174.267941776
268.600354003906,174.5967256395
269.090704345703,174.9636134348
269.598236083984,175.35687198760002
270.131799316406,175.7600270446
270.638269042969,176.1093130864
271.167407226562,176.52520929509998
271.681414794922,176.90062704829998
272.186602783203,177.26860250290002
272.721069335938,177.6872318041
273.223718261719,178.06024714519998
273.75048828125,178.4798724714
274.268597412109,178.8342422246
274.781384277344,179.2900192737
275.287353515625,179.8490681773
275.820202636719,180.2745780191
276.333087158203,180.67622708640002
276.847448730469,181.0836013053
277.357464599609,181.4834137025
277.877252197266,181.8564131071
278.3859375,182.24876726920002
278.897845458984,182.66069133029998
279.429327392578,183.0342006997
279.932452392578,183.41604480610002
280.453247070313,183.8426821482
280.960070800781,184.1992869816
281.459387207031,184.3670972711
281.979553222656,184.71022389430001
282.478057861328,185.0778487481
282.966534423828,185.4390153759
283.464532470703,185.8364213767
284.017395019531,186.2393174673
284.5236328125,186.6436637702
285.030010986328,187.0267429477
285.524438476563,187.3733715948
286.050341796875,187.81033572389998
286.546661376953,188.1587333114
287.063336181641,188.5904703014
287.578198242188,188.9565772131
288.11318359375,189.38577234739998
288.638134765625,189.783289903
289.165222167969,190.1730145592
289.683551025391,190.5534482943
290.177484130859,190.9584041645
290.672406005859,191.3240568888
291.198217773437,191.72930359839998
291.697564697266,192.11288875649998
292.196563720703,192.56263786239998
292.723614501953,192.9393305276
293.218072509766,193.3354775529
293.740167236328,193.7301185883
294.245373535156,194.11342485950001
294.733209228516,194.4678703107
295.225024414062,194.91393014
295.73447265625,195.27374615789998
296.256335449219,195.6780087947
296.794354248047,196.091060356
297.312054443359,196.4857173279
297.820922851563,196.8783463929
298.327435302734,197.28652540000002
298.836840820312,197.6900549625
299.32607421875,198.0909151779
299.793841552734,198.469552084
299.821276855469,198.7631483768
299.884313964844,198.9301937191
299.938000488281,199.0632108638
299.978247070312,199.14097252640002
