Temperature (K),Hall Resistivity Antisym (uOhm-cm),Hall Coefficient (mm^3/C),Longitudinal Resistivity Sym (uOhm-cm)
2.14558389663696,-0.0027522221967433784,-0.0030580246630481983,-0.01834064053566178
2.71199420928955,-0.03075464442544203,-0.03417182713938003,-0.013088045059050955
2.77891659736633,-0.030205441952757355,-0.03356160216973039,-0.01206280524731353
3.22578763008118,-0.04210883779457174,-0.04678759754952415,0.00891291414548617
3.36301222801209,-0.0390364608072693,-0.04337384534141033,0.0169623820530188
3.73263313293457,-0.029185078492464177,-0.032427864991626865,0.016180579544116558
3.98538988113403,-0.02330811632544907,-0.025897907028276743,0.0037955241064634116
4.26303218841553,5.970750207521733e-05,6.63416689724637e-05,-0.00484328196469468
4.65240753173828,0.008956142220284794,0.009951269133649772,-0.010380981512935707
4.79221040725708,0.009299871434569035,0.010333190482854483,-0.010747561571906069
5.36530979156494,0.01659567610554183,0.0184396401172687,-0.029033528417038518
5.40327831268311,0.017965761806439433,0.01996195756271048,-0.027994617358612563
5.97851293563843,0.021908604427041754,0.02434289380782417,-0.01037028126927536
6.19121063232422,0.01485160633005024,0.016501784811166934,-0.010462792794654518
6.59653249740601,0.014216572573635292,0.015796191748483658,-0.009928518263157975
7.05776880264282,-0.004843733781510659,-0.005381926423900733,-0.009980982412460468
7.23167413711548,-0.011263185696204025,-0.012514650773560029,-0.009242877794993845
7.88504550933838,0.012259852720370026,0.013622058578188916,0.009049449487588368
7.98496618270874,0.017135815220342167,0.019039794689269075,0.007085454198110422
8.53419971466064,0.0121951123291459,0.013550124810162113,-0.007435854641881795
8.89562419891357,-0.0241858255914469,-0.02687313954605211,0.00421582000980497
9.18556594848633,-0.03925527811791165,-0.0436169756865685,0.006500978172110393
9.8242212677002,-0.008102767017488254,-0.009003074463875839,-0.010048822664918546
9.84300807952881,-0.007666666597773927,-0.00851851844197103,-0.009880463939044603
10.5202478790283,0.013158154481549313,0.014620171646165903,-0.005720343526959779
10.8182649230957,0.0020571950038399955,0.002285772226488884,0.002588281772510974
11.2241209030151,-0.03548328673502574,-0.03942587415002859,0.007542556829402104
11.844589881897,-0.0049892520645381105,-0.0055436134050423445,0.003330150821837229
11.9456624984741,-0.01473982441711326,-0.0163775826856814,0.0010515624889307043
12.6956157684326,0.019398376325082234,0.021553751472313594,-0.018994377697309307
12.7977013397217,0.009587939106475152,0.01065326567386128,-0.019095647121117453
13.4571494674683,0.057978463383631273,0.06442051487070141,0.025466631732564433
13.7940801620483,-0.009806830698252667,-0.010896478553614074,0.09135197475010595
14.2249171829224,-0.06234653929464151,-0.06927393254960168,0.3587248590414672
14.7486959457397,0.05299930647831824,0.058888118309242496,1.061373391978154
14.9944911956787,0.017105310790236694,0.01900590087804077,1.7608462845140411
15.6629144287109,-0.018258759848030715,-0.020287510942256348,4.673260357687685
15.6944622039795,-0.014788206780703028,-0.01643134086744781,4.872227097562131
16.4409340667725,0.137608707573585,0.15289856397065002,10.6978871465432
16.6444854736328,0.15075606326791335,0.16750673696434817,12.23852794453796
17.1656295776367,0.1802185135344503,0.2002427928160559,15.737974542597435
17.6048350524902,0.15349438115424996,0.17054931239361107,18.173810850946857
17.87999168396,0.13684331505133585,0.1520481278348176,19.343961191466164
18.5358491516113,0.21251986940851197,0.23613318823167997,21.5222803362441
18.6255991363525,0.21659373976322582,0.24065971084802867,21.749543365605398
19.3666996765137,0.30304007350120177,0.33671119277911304,23.21729908398367
19.552352142334,0.318384649796811,0.3537607219964567,23.537779493349493
20.1277763366699,0.2653782682253074,0.2948647424725638,24.35980912284738
20.5345983886719,0.28694268314051863,0.31882520348946514,24.89162420174655
20.9070446777344,0.3709866973844622,0.41220744153829136,25.34184515461956
21.6555965423584,0.35726144050598396,0.39695715611775995,26.21094901727265
21.7787331390381,0.3799999289697489,0.42222214329972096,26.34062115315086
22.7549703979492,0.47075668989053954,0.5230629887672662,27.293667894986925
22.9877984619141,0.4389128987693285,0.48768099863258724,27.51130790076407
23.6581340789795,0.3901538457457736,0.43350427305085953,28.11450636138823
24.1603511047363,0.3711838333041282,0.4124264814490313,28.57003954848011
24.4556725311279,0.3784468236125158,0.4204964706805731,28.82264477991086
25.2155442810059,0.3846457233835361,0.42738413709281786,29.43581177339651
25.3031273651123,0.39126010495336616,0.43473344994818464,29.50666014516574
26.1939154052734,0.4304116583031059,0.4782351758923399,30.243885300787714
26.2671044921875,0.43559588099759017,0.4839954233306557,30.302390445338666
27.1161740112305,0.40825426571816914,0.4536158507979657,30.9740487131941
27.3674548339844,0.41250328258254876,0.4583369806472764,31.1725776235802
28.015252456665,0.43814142930432376,0.48682381033813754,31.68720469892174
28.650963973999,0.3718534569974663,0.41317050777496256,32.20457067175508
28.8852532196045,0.3680802173682629,0.40897801929806993,32.398740349072966
29.7304341125488,0.45167740458804717,0.501863782875608,33.07290520147433
29.8806635284424,0.46192381146482275,0.5132486794053586,33.196336899790644
30.5578340911865,0.44831195527398227,0.4981243947488692,33.739474196103956
31.0062162780762,0.406430547642173,0.4515894973801923,34.09130366781598
31.3810547637939,0.3844137088079571,0.42712634311995235,34.38132476788873
32.1350295257568,0.4237425222973621,0.4708250247748468,34.98505620629435
32.2117630767822,0.4263406760885755,0.47371186232063944,35.046560968679756
33.0370004272461,0.3573311982096825,0.39703466467742504,35.68415135488378
33.2683923339844,0.369671102167062,0.4107456690745134,35.863879916465905
33.8725003051758,0.4263383629778701,0.47370929219763347,36.33529132861942
34.3739147949219,0.4020449809219029,0.446716645468781,36.720129763579706
34.7174868774414,0.3715648555810096,0.41284983953445514,36.98744227048016
35.4999569702148,0.3759171023486869,0.4176856692763188,37.62017580482374
35.5600881958008,0.3768050865985786,0.41867231844286507,37.66799596143072
36.4015596008301,0.3681925606931733,0.40910284521463697,38.32268988167597
36.6559327697754,0.3719968117642336,0.41332979084914845,38.51808072977377
37.2510389709473,0.3848163916312415,0.42757376847915723,38.969564500212414
37.7578594970703,0.3778019144759638,0.4197799049732931,39.358553559904166
38.089436340332,0.36309610825906724,0.4034401202878525,39.62039910775764
38.8545558166504,0.33835065840390943,0.37594517600434385,40.23024281728971
38.9058474731445,0.33899529502869696,0.3766614389207744,40.270120898198584
39.7356666564941,0.3130855482589804,0.3478728313988671,40.88492051859026
39.9155696105957,0.3297421170425573,0.36638013004728587,41.02558258417874
40.5656028747559,0.38497473340953814,0.4277497037883757,41.54165124330707
41.0168672180176,0.3783636683338869,0.420404075926541,41.88831800923559
41.3928959655762,0.3725508165866942,0.4139453517629935,42.16700113627259
42.0661251831055,0.4104209487215828,0.4560232763573142,42.653211692554294
42.2471186828613,0.4171359794493925,0.4634844216104361,42.78439027040506
43.0696304321289,0.3945834251461158,0.43842602794012864,43.449691289606406
43.1570974731445,0.39798912593935826,0.4422101399326203,43.51338018235315
43.9024630737305,0.4278386117423157,0.47537623526923967,44.07021210756663
44.2575384521484,0.4151151064324845,0.461239007147205,44.34156867914731
44.7403137207031,0.408382213765953,0.45375801529550336,44.71680298835432
45.357057800293,0.3851199417373138,0.4279110463747931,45.19615457086177
45.5604840087891,0.38636102843049086,0.4292900315894343,45.34866399995262
46.4111111450195,0.42797663492430615,0.4755295943603402,46.00025528999522
46.495744934082,0.43282948027052803,0.4809216447450312,46.06183372304747
47.2851373291016,0.39721911702278445,0.4413545744697605,46.64051369276374
47.6227529907227,0.3780111164558311,0.4200123516175901,46.905962966494144
48.1357852172852,0.38381631706327946,0.42646257451475494,47.32010371938845
48.751324005127,0.39886283384393295,0.4431809264932588,47.789133709050404
48.9879722595215,0.394245651865945,0.43805072429549446,47.967232736331574
49.8411862182617,0.37380454691221404,0.4153383854580156,48.64246562830029
49.8880558776855,0.3742262332352493,0.4158069258169436,48.67812961843808
50.6882046508789,0.38965071257905215,0.43294523619894687,49.2784360656685
50.9789761352539,0.36893182598870833,0.40992425109856484,49.5033135150525
51.5334785461426,0.3380188350178015,0.3755764833531128,49.92994921775111
52.0298132324219,0.34428396573116105,0.38253773970129,50.30833829765355
52.4008320617676,0.3491837875265958,0.387981986140662,50.59442794542991
53.1476570129395,0.3665619517670116,0.40729105751890177,51.153236477735945
53.2387594604492,0.36109976713764913,0.4012219634862768,51.2226735775929
54.0890019226074,0.30830230764750644,0.3425581196083405,51.89424331711962
54.1919593811035,0.2967696417785881,0.32974404642065347,51.976781575731465
54.941932220459,0.35155221681639515,0.390613574240439,52.54176105963283
55.2619183349609,0.38139806208340366,0.4237756245371152,52.77510237766505
55.7891592407227,0.35806215203185365,0.39784683559094847,53.18709505412924
56.3430781555176,0.3809525893998895,0.4232806548887661,53.604906643201645
56.6286499023438,0.3809209646816184,0.4232455163129093,53.80723823505219
57.464521484375,0.2677697353704246,0.29752192818936063,54.41958813604097
57.4866506958008,0.26810080200665964,0.29788978000739963,54.43656407272975
58.3405763244629,0.3739397526197781,0.4154886140219757,55.104091757305056
58.6298524475098,0.38756411285355297,0.4306267920595033,55.33284863819743
59.1976628112793,0.3618167659791073,0.40201862886567474,55.77729654420506
59.8022380065918,0.3499584881765311,0.3888427646405901,56.21706564888437
60.0575877380371,0.34548618270043496,0.38387353633381666,56.403734942538094
60.914877166748,0.3529907558294012,0.39221195092155686,57.07872030834263
60.9531890869141,0.3515287168126138,0.3905874631251264,57.10792261953907
61.7675347900391,0.36592305319421214,0.40658117021579127,57.725611531728234
62.0921318054199,0.3797908628751032,0.42198984763900355,57.97015011230502
62.625419921875,0.36279205342163046,0.4031022815795894,58.36761384917947
63.2939712524414,0.3131062588330933,0.34789584314788147,58.87561222396438
63.4912240600586,0.3047094110726416,0.33856601230293515,59.0294161158815
64.3547100830078,0.3543148573939692,0.39368317488218796,59.70388682167024
64.430228729248,0.3559965194468897,0.39555168827432186,59.76319820235922
65.2179293823242,0.38244836027037077,0.42494262252263415,60.36759874891608
65.5438012695312,0.3796070153507112,0.4217855726119013,60.615122259080856
66.0921728515625,0.3752030424679256,0.4168922694088062,61.032483523211376
66.7079727172852,0.3321145420009568,0.3690161577788409,61.48865210030154
66.9418557739258,0.3119813510345082,0.346645945593898,61.665673962508464
67.8101812744141,0.39753955320211043,0.4417106146690116,62.342525959072645
67.8529901123047,0.3959929020150259,0.43999211335002875,62.3753731067615
68.6728329467773,0.34671304568077477,0.3852367174230831,62.9954256755813
69.0445465087891,0.3315919831312948,0.36843553681254976,63.27265781783194
69.5362783813477,0.3144744995355404,0.3494161105950449,63.63275944419455
70.2520559692383,0.30974115286251847,0.34415683651390944,64.18195175731759
70.4011837768555,0.3168333656193938,0.3520370729104375,64.29962060406044
71.2619076538086,0.317867937032839,0.35318659670315444,64.98451153935659
71.3295260620117,0.3209473864844341,0.35660820720492675,65.03629251875103
72.1278463745117,0.33376284928017164,0.3708476103113018,65.6487368079435
72.4503720092773,0.3289916060667779,0.36554622896308653,65.89391045922167
72.9854119873047,0.33492867536395465,0.3721429726266163,66.30153422723268
73.6125863647461,0.32271898521507536,0.3585766502389726,66.7971349510988
73.8371621704102,0.3097246659171806,0.3441385176857562,66.97306676804389
74.7086730957031,0.3478435021777786,0.3864927801975318,67.64654066047311
74.7647933959961,0.3453941885836751,0.3837713206485279,67.68937135125523
75.5746899414062,0.3262114209789697,0.36245713442107746,68.2954159301747
75.8984921264648,0.33429590122729813,0.3714398902525535,68.54160743196849
76.4352529907227,0.33695797832380325,0.37439775369311473,68.95122158721294
77.0178338623047,0.344263676345125,0.3825151959390278,69.39332764080204
77.3243014526367,0.3532121022904433,0.39245789143382587,69.63085547583005
78.1292849731445,0.321772975332173,0.3575255281468589,70.24072477598958
78.1943399047852,0.31902623544877073,0.35447359494307856,70.2899878207223
79.0561459350586,0.30047688452781784,0.3338632050309087,70.9542200523473
79.2977874755859,0.3135061463617248,0.34834016262413864,71.14565189134197
79.9378146362305,0.33856444489921156,0.3761827165546795,71.63810846535367
80.4385330200195,0.3292983921030359,0.36588710233670657,72.01718728871404
80.8128833007813,0.3301855183515734,0.3668727981684149,72.30817520943182
81.5568286132813,0.3141754838163604,0.3490838709070671,72.8673532529155
81.6879705810547,0.3095904026984426,0.34398933633160295,72.964282193418
82.5490817260742,0.3450535061112623,0.38339278456806924,73.60162202127623
82.7373983764648,0.33373171907391086,0.3708130211932343,73.75284627839827
83.4114575195313,0.30619841866146036,0.3402204651794004,74.30872549941084
83.8518753051758,0.29288240586809744,0.32542489540899716,74.66183793314667
84.2782913208008,0.25693350662558556,0.2854816740284284,74.99934889764577
85.023759765625,0.2924818324465108,0.3249798138294565,75.5573716232428
85.1348849487305,0.30333924370152365,0.3370436041128041,75.63819353574753
86.0093719482422,0.30312933692180666,0.33681037435756295,76.27481582332862
86.1697366333008,0.30172793536723086,0.33525326151914536,76.39684043642401
86.8894390869141,0.3174808584958839,0.352756509439871,76.96323643245235
87.2995397949219,0.34471615504083797,0.38301795004537553,77.2680922580203
87.787854309082,0.3508223873137273,0.3898026525708081,77.62350055027059
88.4027029418945,0.31480722225635516,0.3497858025070613,78.09989262689281
88.666360168457,0.29938757019676165,0.3326528557741796,78.31073193536776
89.5217248535156,0.264339326286545,0.29371036254060556,78.99038102292715
89.544875793457,0.26297822279544825,0.2921980253282758,79.00866118327866
90.4199765014648,0.30239601066670563,0.33599556740745073,79.71361690145704
90.696096496582,0.2968456762759537,0.32982852919550415,79.93036324627451
91.3134368896484,0.32924925518628356,0.3658325057625373,80.40210998787865
91.9227719116211,0.32133323552173554,0.35703692835748396,80.85201254680086
92.234660949707,0.3081176246012003,0.34235291622355585,81.07873157846657
93.0986859130859,0.29732377669585563,0.33035975188428407,81.73568623060234
93.1408828735352,0.29435947586645916,0.3270660842960657,81.76883078691347
94.025771484375,0.3133820948748429,0.3482023276387144,82.44060449284838
94.273132019043,0.29089787335832185,0.32321985928702424,82.63274897147332
94.9254830932617,0.29008717554061203,0.3223190839340134,83.13573534176993
95.4547738647461,0.34501650359246305,0.3833516706582923,83.54205967233
95.8076678466797,0.35798934394358284,0.39776593771509205,83.81581212092996
96.5936395263672,0.2639414250835115,0.29326825009279056,84.41606333546528
96.6866162109375,0.25607668496485836,0.28452964996095376,84.48577961067912
97.583298034668,0.2840251215705898,0.31558346841176643,85.17158270353954
97.8375527954102,0.3036822351581332,0.3374247057312591,85.36063154533127
98.4606802368164,0.3423710625981977,0.38041229177577524,85.82871998510694
98.9284176635742,0.3252306579031039,0.36136739767011544,86.20344664774943
99.3412673950195,0.3021129442484751,0.3356810491649723,86.57810754818568
99.7830453491211,0.2816371289488506,0.3129301432765007,87.09227764245625
99.8235992431641,0.3082381665807059,0.34248685175633986,87.18264449097703
99.9302188110352,0.3086397862752177,0.342933095861353,87.47995415029933
99.9498556518555,0.2886328649743879,0.3207031833048754,87.56332827037654
100.003724975586,0.21279076084777593,0.23643417871975103,87.97856299589031
100.00658782959,0.19452545701966084,0.21613939668851206,87.97070195040966
100.009657897949,0.21115015467197118,0.23461128296885686,87.97026127915919
100.0136328125,0.1680379062566315,0.18670878472959057,88.00831550193507
100.014128723145,0.17897924103807306,0.1988658233756367,87.99108771288282
100.015233459473,0.19735359469117952,0.21928177187908834,87.81932528729425
100.017781982422,0.28120035267603694,0.3124448363067077,87.78430766386992
100.018542175293,0.26878289193542937,0.29864765770603263,87.9564656760983
100.021025085449,0.2853192338936168,0.31702137099290756,88.0185574611678
100.023901977539,0.2925702578301017,0.3250780642556686,88.01529118703587
100.028785095215,0.3075102981774682,0.34167810908607577,88.00706165082629
100.030389709473,0.2964558852261989,0.3293954280291099,88.01010360357307
100.037376403809,0.288887995351498,0.32098666150166444,88.02036168936196
100.038121032715,0.28737388468203395,0.31930431631337103,88.01922461265892
100.045556335449,0.2835428405085363,0.31504760056504033,87.99315342178144
100.048305053711,0.26675393985090956,0.2963932665010106,87.95424143901323
100.051362304688,0.26353843540352173,0.2928204837816908,87.85014686817729
100.05162902832,0.26865998437938643,0.29851109375487384,87.8543842667246
100.053340148926,0.29147368446071287,0.32385964940079204,87.93504439344208
100.057557983398,0.24415810414000116,0.2712867823777791,87.98840830655655
100.060755004883,0.2032104249865725,0.22578936109619166,87.96937901180203
100.061064453125,0.21133493173367945,0.2348165908151994,87.96220611160108
