# theta,rho (0 degree),rho (45 degree)
-1.400000000000000000e+01,4.526883315335943792e+00,4.526693246098503209e+00
-8.052631578947368141e+00,4.523160331555198255e+00,4.523122804203966396e+00
-2.105263157894736281e+00,4.521258308835807149e+00,4.521258081443230381e+00
0.000000000000000000e+00,4.521113184029514009e+00,4.521113184029514009e+00
3.842105263157897355e+00,4.521593444336686751e+00,4.521591005777117367e+00
9.789473684210527438e+00,4.524085822903519905e+00,4.524014404821168789e+00
1.573684210526315752e+01,4.528227317222299320e+00,4.527985458233002802e+00
2.168421052631579471e+01,4.533421100203955945e+00,4.533005628499348738e+00
2.763157894736842479e+01,4.538960323878208136e+00,4.537811206216669113e+00
3.357894736842105488e+01,4.543379936984587530e+00,4.539152808086411639e+00
3.952631578947368496e+01,4.543753373610479152e+00,4.533066705260219820e+00
4.547368421052631504e+01,4.536364073809804331e+00,4.518603161599206608e+00
5.142105263157894512e+01,4.519418067275455364e+00,4.497580923736381742e+00
5.736842105263158942e+01,4.494901420356219646e+00,4.473012241819695589e+00
6.331578947368421950e+01,4.467471196504728681e+00,4.450341325818338412e+00
6.926315789473684958e+01,4.444259706381020081e+00,4.432722147602852658e+00
7.521052631578947967e+01,4.430494954457913970e+00,4.419304397326706102e+00
8.115789473684210975e+01,4.425150205077464705e+00,4.409727436717728821e+00
8.710526315789473983e+01,4.424333608352126745e+00,4.404825807824797934e+00
9.305263157894736992e+01,4.424332774540047808e+00,4.404891853998820217e+00
9.900000000000000000e+01,4.425214964358656466e+00,4.409924061698938580e+00
